Category,Area-1975,Perc-1975,Area-2000,Perc-2000,Area-2013,Perc-2013
Forest,48716.0,50.790000000000006,45112.0,47.04,39908.0,41.61
Grassland,11280.0,11.76,12284.0,12.809999999999999,11792.0,12.299999999999999
Desert,76.0,0.08,64.0,0.07,68.0,0.07
Settlements,504.0,0.53,572.0,0.6,628.0,0.65
Agriculture,7456.0,7.779999999999999,8896.0,9.28,12784.0,13.329999999999998
Water Bodies,396.0,0.41,432.0,0.45,544.0,0.57
Degraded Forest,25232.0,26.31,26296.0,27.42,28192.0,29.4
